id,first_name,last_name,email,gender,ip_address
1,Joyous,Greengrass,jgreengrass0@guardian.co.uk,Female,77.182.133.185
2,Phil,McGahey,pmcgahey1@adobe.com,Male,81.86.96.19
3,Casper,Camelin,ccamelin2@typepad.com,Male,248.144.50.220
4,Phillie,Crystal,pcrystal3@umn.edu,Female,149.174.243.200
5,Lammond,Lening,llening4@vk.com,Male,247.245.231.78
6,Joanie,MacClay,jmacclay5@desdev.cn,Polygender,62.115.229.70
7,Oren,Farherty,ofarherty6@washington.edu,Male,91.145.36.58
8,Fayette,Ewins,fewins7@nbcnews.com,Female,28.144.235.116
9,Ailee,Wormstone,awormstone8@networksolutions.com,Agender,2.90.192.214
10,Scotty,Klishin,sklishin9@timesonline.co.uk,Male,214.183.14.172
11,Josi,Gibbe,jgibbea@baidu.com,Female,113.7.41.195
12,Amalie,Immer,aimmerb@census.gov,Female,198.195.189.78
13,Katlin,Bearcroft,kbearcroftc@princeton.edu,Polygender,42.142.172.68
14,Cass,Kirimaa,ckirimaad@netscape.com,Male,11.243.107.242
15,Jens,MacAllister,jmacallistere@github.io,Male,93.5.36.48
16,Mabelle,Reynoollds,mreynoolldsf@newyorker.com,Female,23.65.94.75
17,Ernaline,Wannan,ewannang@ocn.ne.jp,Female,246.27.121.51
18,Andriette,Bjerkan,abjerkanh@apple.com,Female,9.96.54.69
19,Beauregard,Knights,bknightsi@hubpages.com,Polygender,170.233.96.160
20,Roselin,Hoyer,rhoyerj@fc2.com,Female,84.196.5.167
21,Ginevra,Tathacott,gtathacottk@t-online.de,Female,195.63.163.55
22,Ricki,Van Arsdall,rvanarsdalll@reverbnation.com,Genderqueer,247.159.84.117
23,Abby,Greeves,agreevesm@sitemeter.com,Female,231.4.88.24
24,Tracie,Claughton,tclaughtonn@flavors.me,Male,24.231.254.22
25,Eustacia,Swindon,eswindono@google.ca,Female,40.163.102.40
26,Leslie,Jiricka,ljirickap@youku.com,Female,179.58.206.22
27,Aldous,Caslin,acaslinq@unicef.org,Male,194.203.224.248
28,Selma,Grouse,sgrouser@purevolume.com,Female,102.150.135.223
29,Myrtie,Britch,mbritchs@g.co,Female,120.152.154.172
30,Ripley,Malone,rmalonet@sina.com.cn,Male,0.9.248.185